,0
0,Images/296.jpg
1,Images/297.jpg
2,Images/298.jpg
3,Images/299.jpg
4,Images/300.jpg
5,Images/301.jpg
6,Images/302.jpg
7,Images/303.jpg
8,Images/304.jpg
9,Images/305.jpg
10,Images/306.jpg
11,Images/307.jpg
12,Images/308.jpg
13,Images/309.jpg
14,Images/310.jpg
15,Images/311.jpg
16,Images/312.jpg
17,Images/313.jpg
18,Images/314.jpg
19,Images/315.jpg
20,Images/316.jpg
21,Images/317.jpg
22,Images/318.jpg
23,Images/319.jpg
24,Images/320.jpg
25,Images/321.jpg
26,Images/322.jpg
27,Images/323.jpg
28,Images/324.jpg
29,Images/325.jpg
30,Images/326.jpg
31,Images/327.jpg
32,Images/328.jpg
33,Images/329.jpg
34,Images/330.jpg
35,Images/331.jpg
36,Images/332.jpg
37,Images/333.jpg
38,Images/334.jpg
39,Images/335.jpg
40,Images/336.jpg
41,Images/337.jpg
42,Images/338.jpg
43,Images/339.jpg
44,Images/340.jpg
45,Images/341.jpg
46,Images/342.jpg
47,Images/343.jpg
48,Images/344.jpg
49,Images/345.jpg
50,Images/346.jpg
51,Images/347.jpg
52,Images/348.jpg
53,Images/349.jpg
54,Images/350.jpg
55,Images/351.jpg
56,Images/352.jpg
57,Images/353.jpg
58,Images/354.jpg
59,Images/355.jpg
60,Images/356.jpg
61,Images/357.jpg
62,Images/358.jpg
63,Images/359.jpg
64,Images/360.jpg
65,Images/361.jpg
66,Images/362.jpg
67,Images/363.jpg
68,Images/364.jpg
69,Images/365.jpg
70,Images/366.jpg
71,Images/367.jpg
72,Images/368.jpg
73,Images/369.jpg
74,Images/370.jpg
75,Images/371.jpg
76,Images/372.jpg
77,Images/373.jpg
78,Images/374.jpg
79,Images/375.jpg
80,Images/376.jpg
81,Images/377.jpg
82,Images/378.jpg
83,Images/379.jpg
84,Images/380.jpg
85,Images/381.jpg
86,Images/382.jpg
87,Images/383.jpg
88,Images/384.jpg
89,Images/385.jpg
90,Images/386.jpg
91,Images/387.jpg
92,Images/388.jpg
93,Images/389.jpg
94,Images/390.jpg
95,Images/391.jpg
96,Images/392.jpg
97,Images/393.jpg
98,Images/394.jpg
99,Images/395.jpg
100,Images/396.jpg
101,Images/397.jpg
102,Images/398.jpg
103,Images/399.jpg
104,Images/400.jpg
105,Images/401.jpg
106,Images/402.jpg
107,Images/403.jpg
108,Images/404.jpg
109,Images/405.jpg
110,Images/406.jpg
111,Images/407.jpg
112,Images/408.jpg
113,Images/409.jpg
114,Images/410.jpg
115,Images/411.jpg
116,Images/412.jpg
117,Images/413.jpg
118,Images/414.jpg
119,Images/415.jpg
120,Images/416.jpg
121,Images/417.jpg
122,Images/418.jpg
123,Images/419.jpg
124,Images/420.jpg
125,Images/421.jpg
126,Images/422.jpg
127,Images/423.jpg
128,Images/424.jpg
129,Images/425.jpg
130,Images/426.jpg
131,Images/427.jpg
132,Images/428.jpg
133,Images/429.jpg
134,Images/430.jpg
135,Images/431.jpg
136,Images/432.jpg
137,Images/433.jpg
138,Images/434.jpg
139,Images/435.jpg
140,Images/436.jpg
141,Images/437.jpg
142,Images/438.jpg
143,Images/439.jpg
144,Images/440.jpg
145,Images/441.jpg
146,Images/442.jpg
147,Images/443.jpg
148,Images/444.jpg
149,Images/445.jpg
150,Images/446.jpg
151,Images/447.jpg
152,Images/448.jpg
153,Images/449.jpg
154,Images/450.jpg
155,Images/451.jpg
156,Images/452.jpg
157,Images/453.jpg
158,Images/454.jpg
159,Images/455.jpg
160,Images/456.jpg
161,Images/457.jpg
162,Images/458.jpg
163,Images/459.jpg
164,Images/460.jpg
165,Images/461.jpg
166,Images/462.jpg
167,Images/463.jpg
168,Images/464.jpg
169,Images/465.jpg
170,Images/466.jpg
171,Images/467.jpg
172,Images/468.jpg
173,Images/469.jpg
174,Images/470.jpg
175,Images/471.jpg
176,Images/472.jpg
177,Images/473.jpg
178,Images/474.jpg
179,Images/475.jpg
180,Images/476.jpg
181,Images/477.jpg
182,Images/478.jpg
183,Images/479.jpg
184,Images/480.jpg
185,Images/481.jpg
186,Images/482.jpg
187,Images/483.jpg
188,Images/484.jpg
189,Images/485.jpg
190,Images/486.jpg
191,Images/487.jpg
192,Images/488.jpg
193,Images/489.jpg
194,Images/490.jpg
195,Images/491.jpg
196,Images/492.jpg
197,Images/493.jpg
198,Images/494.jpg
199,Images/495.jpg
200,Images/496.jpg
201,Images/497.jpg
202,Images/498.jpg
203,Images/520.jpg
204,Images/521.jpg
205,Images/522.jpg
206,Images/523.jpg
207,Images/524.jpg
208,Images/525.jpg
209,Images/526.jpg
210,Images/527.jpg
211,Images/528.jpg
212,Images/529.jpg
213,Images/530.jpg
214,Images/531.jpg
215,Images/532.jpg
216,Images/533.jpg
217,Images/534.jpg
218,Images/535.jpg
219,Images/536.jpg
220,Images/537.jpg
221,Images/538.jpg
222,Images/539.jpg
223,Images/540.jpg
224,Images/541.jpg
225,Images/542.jpg
226,Images/543.jpg
227,Images/544.jpg
228,Images/545.jpg
229,Images/546.jpg
230,Images/547.jpg
231,Images/548.jpg
232,Images/549.jpg
233,Images/550.jpg
234,Images/551.jpg
235,Images/552.jpg
236,Images/553.jpg
237,Images/554.jpg
238,Images/555.jpg
239,Images/556.jpg
240,Images/557.jpg
241,Images/558.jpg
242,Images/559.jpg
243,Images/560.jpg
244,Images/561.jpg
245,Images/562.jpg
246,Images/563.jpg
247,Images/564.jpg
248,Images/565.jpg
249,Images/566.jpg
250,Images/567.jpg
251,Images/568.jpg
252,Images/569.jpg
253,Images/570.jpg
254,Images/571.jpg
255,Images/572.jpg
256,Images/573.jpg
257,Images/574.jpg
258,Images/575.jpg
259,Images/576.jpg
260,Images/577.jpg
261,Images/578.jpg
262,Images/579.jpg
263,Images/580.jpg
264,Images/581.jpg
265,Images/582.jpg
266,Images/583.jpg
267,Images/584.jpg
268,Images/585.jpg
269,Images/586.jpg
270,Images/587.jpg
271,Images/588.jpg
272,Images/589.jpg
273,Images/590.jpg
274,Images/591.jpg
275,Images/592.jpg
276,Images/593.jpg
277,Images/594.jpg
278,Images/595.jpg
279,Images/596.jpg
280,Images/597.jpg
281,Images/598.jpg
282,Images/599.jpg
283,Images/600.jpg
284,Images/601.jpg
285,Images/602.jpg
286,Images/603.jpg
287,Images/604.jpg
288,Images/605.jpg
289,Images/606.jpg
290,Images/607.jpg
291,Images/608.jpg
292,Images/609.jpg
293,Images/610.jpg
294,Images/611.jpg
295,Images/612.jpg
296,Images/613.jpg
297,Images/614.jpg
298,Images/615.jpg
299,Images/616.jpg
300,Images/617.jpg
301,Images/618.jpg
302,Images/619.jpg
303,Images/620.jpg
